Region code,Region name,LA code,LA name,2004,2005,2006,2007,2008,2009,2010,2011,2012,2013,2014,2015,2016
E12000001,North East,E06000001,Hartlepool,19348,25620,29259,31345,27768,25423,25340,22849,22448,20607,20755,20138,19832
E12000001,North East,E06000002,Middlesbrough,21385,29498,32574,30794,29434,26434,24754,25765,25738,24640,24879,26170,21851
E12000001,North East,E06000003,Redcar and Cleveland,22263,27469,27653,29644,30472,29645,27704,28968,25892,24321,26743,24240,24426
E12000001,North East,E06000004,Stockton-on-Tees,22302,27460,31144,32265,29491,29832,29384,27456,25472,24740,24915,26038,25195
E12000001,North East,E06000005,Darlington,30390,32387,31918,35353,34030,32764,32825,31615,27826,28530,28069,27855,28012
E12000001,North East,E06000047,County Durham,24625,28249,31031,31349,30016,28552,26737,26209,24627,23372,22401,22226,23324
E12000001,North East,E06000057,Northumberland,26024,29860,31864,33660,32601,29454,30601,29427,28442,26794,27677,28247,28673
E12000001,North East,E08000021,Newcastle upon Tyne,33367,34822,39013,39564,37961,34404,34225,32299,31785,31479,32638,34996,35934
E12000001,North East,E08000022,North Tyneside,28200,30265,32154,33432,31105,30086,29767,28678,29372,28624,30008,30809,32089
E12000001,North East,E08000023,South Tyneside,23640,25875,28882,31225,29183,26937,26653,25828,24577,24074,24387,24842,25493
E12000001,North East,E08000024,Sunderland,24830,27973,30366,32350,29689,29111,27503,25866,24425,24291,24521,24764,23772
E12000001,North East,E08000037,Gateshead,26344,30509,31427,33897,30850,29982,29210,26673,28203,28914,28029,27304,28322
E12000002,North West,E06000006,Halton,28066,30039,29312,31980,32730,27226,25558,26164,25797,25275,23984,24387,26402
E12000002,North West,E06000007,Warrington,36158,39357,40819,42581,39615,35864,35479,34699,35456,34302,35475,36057,36239
E12000002,North West,E06000008,Blackburn with Darwen,21201,26298,27901,28961,29588,26958,23885,25252,22521,21872,21844,22680,24121
E12000002,North West,E06000009,Blackpool,28069,34617,32921,32903,33014,27995,26506,23922,24063,23151,23020,23525,23407
E12000002,North West,E06000049,Cheshire East,38193,42019,43429,45539,43287,38518,41139,38253,37920,38812,40827,41343,43136
E12000002,North West,E06000050,Cheshire West and Chester,37192,41444,41156,41451,41162,38926,37642,36333,36180,35648,37800,39234,38347
E12000002,North West,E07000026,Allerdale,22340,28472,31743,32761,31128,30782,31378,28937,25193,26923,28867,28805,28327
E12000002,North West,E07000027,Barrow-in-Furness,17486,21532,25435,28435,28691,27184,27103,23864,25461,23655,24083,25603,26580
E12000002,North West,E07000028,Carlisle,26120,29572,32348,32789,31585,28137,29046,27760,26570,25775,26904,26699,28205
E12000002,North West,E07000029,Copeland,18923,20662,25985,28515,27599,23769,22498,21487,22446,22456,20687,23367,24978
E12000002,North West,E07000030,Eden,31327,34944,36622,37354,35952,38818,36694,36598,32970,34252,33918,39158,37065
E12000002,North West,E07000031,South Lakeland,40374,45275,47955,51587,49122,46792,44787,44895,45474,42312,45033,43796,45789
E12000002,North West,E07000117,Burnley,16351,21229,23293,24782,22252,19863,21277,21661,17882,15839,17889,17247,18748
E12000002,North West,E07000118,Chorley,32454,39867,39418,39952,40921,36936,34016,34493,32945,31842,34324,35261,31548
E12000002,North West,E07000119,Fylde,36498,40861,44351,45051,43917,41142,39072,38275,35520,37150,38311,36511,38720
E12000002,North West,E07000120,Hyndburn,14840,23374,25005,24463,24914,20949,22973,21077,19255,18669,18263,20516,20133
E12000002,North West,E07000121,Lancaster,33046,33105,34381,37464,36565,34122,34261,32119,31930,31516,35049,33075,33735
E12000002,North West,E07000122,Pendle,16478,18991,24274,26737,25401,24988,21404,25159,20599,23882,22735,20457,22778
E12000002,North West,E07000123,Preston,28149,35304,33968,37064,34897,31821,29495,28410,28164,27807,27686,27588,27595
E12000002,North West,E07000124,Ribble Valley,38169,42244,45772,49612,45978,39118,41174,39265,38893,39009,38972,41604,36602
E12000002,North West,E07000125,Rossendale,28048,27300,31730,33204,29968,29895,26045,32770,29850,26327,24771,25797,26928
E12000002,North West,E07000126,South Ribble,34289,39085,38494,39018,37631,34413,35606,29826,30448,30159,29933,32535,32128
E12000002,North West,E07000127,West Lancashire,29060,30732,30329,32405,31260,34742,31846,32829,32344,32426,33104,31564,34525
E12000002,North West,E07000128,Wyre,33170,37719,39500,40687,38521,37358,34468,31033,31164,29093,29144,30599,32153
E12000002,North West,E08000001,Bolton,25236,30916,32855,36032,34540,30028,28528,28040,28805,32598,29298,28415,28192
E12000002,North West,E08000002,Bury,28663,34950,38583,36137,33967,29912,30258,34110,30656,29777,29462,31791,31842
E12000002,North West,E08000003,Manchester,31514,37775,43605,44943,42541,39598,38823,38365,37809,38345,40606,43560,46413
E12000002,North West,E08000004,Oldham,23765,29232,32724,35838,33150,30216,31025,29396,26898,27187,29333,28265,29411
E12000002,North West,E08000005,Rochdale,24379,29136,33056,31621,30482,28245,26878,24185,23530,23211,24629,24691,26295
E12000002,North West,E08000006,Salford,32021,37778,38528,42532,40180,36330,33143,32419,31466,29137,33184,35482,38274
E12000002,North West,E08000007,Stockport,37234,41668,43465,46466,42195,38185,39867,38167,37582,38494,40707,44291,43718
E12000002,North West,E08000008,Tameside,29196,32997,33812,35888,36554,32066,30593,30641,28346,27086,28691,29727,30284
E12000002,North West,E08000009,Trafford,43780,47189,48471,50305,46214,42251,44033,41499,43202,43470,46164,50612,54180
E12000002,North West,E08000010,Wigan,24549,28464,30936,32524,31037,26660,26722,24902,23763,24584,24145,24063,25256
E12000002,North West,E08000011,Knowsley,27038,29731,29941,31766,29931,26785,24578,26766,22338,25099,24904,22943,24026
E12000002,North West,E08000012,Liverpool,30318,33931,36135,37104,34189,34775,33360,31543,29248,31417,30542,30441,30831
E12000002,North West,E08000013,St Helens,27884,32749,31343,34685,33179,27652,25336,27325,24346,25527,26029,24023,26130
E12000002,North West,E08000014,Sefton,30850,36245,36511,39171,36377,35377,35202,31907,31473,31542,31455,31599,32306
E12000002,North West,E08000015,Wirral,29445,31915,34890,36102,33692,32310,32044,31126,31128,29862,30978,31712,31938
E12000003,Yorkshire and The Humber,E06000010,City of Kingston upon Hull,22259,24091,27745,29301,28241,25500,26633,24375,24328,24144,24494,25142,27978
E12000003,Yorkshire and The Humber,E06000011,East Riding of Yorkshire,31705,34770,37325,39005,37910,33178,32202,31325,30169,30508,31773,31252,32131
E12000003,Yorkshire and The Humber,E06000012,North East Lincolnshire,18782,21027,23064,26863,23796,23906,23030,21999,21000,22242,21675,21269,21539
E12000003,Yorkshire and The Humber,E06000013,North Lincolnshire,22008,25901,24698,27205,25447,24839,25675,23417,24566,19529,21343,21753,23814
E12000003,Yorkshire and The Humber,E06000014,York,45725,51128,50876,53657,50238,48429,47326,47333,47414,46987,50019,53288,56501
E12000003,Yorkshire and The Humber,E07000163,Craven,41357,49310,52182,55432,53727,52118,46982,45059,47411,41678,44967,48537,47091
E12000003,Yorkshire and The Humber,E07000164,Hambleton,43173,48805,47472,50488,46133,41425,42307,43843,41135,41221,41988,41933,44634
E12000003,Yorkshire and The Humber,E07000165,Harrogate,47655,50993,53056,55687,51444,48513,51877,50496,47615,47966,50755,54100,57588
E12000003,Yorkshire and The Humber,E07000166,Richmondshire,34836,41733,38993,40841,39586,38393,41411,36806,36778,35667,34634,35933,36513
E12000003,Yorkshire and The Humber,E07000167,Ryedale,37173,36336,40967,42245,49751,35155,39902,46039,39443,35956,37746,45242,41971
E12000003,Yorkshire and The Humber,E07000168,Scarborough,35191,37402,39370,40324,40047,34923,36587,35885,33628,32016,31911,32431,31491
E12000003,Yorkshire and The Humber,E07000169,Selby,31850,34435,40289,41319,38626,35921,34581,32945,36165,34083,31913,34868,33882
E12000003,Yorkshire and The Humber,E08000016,Barnsley,23185,29535,30679,29618,30153,26221,24634,25098,22977,23800,23289,23043,28303
E12000003,Yorkshire and The Humber,E08000017,Doncaster,27164,28915,30273,31026,29874,26735,25774,27814,24954,25401,24605,25474,25924
E12000003,Yorkshire and The Humber,E08000018,Rotherham,25079,29583,31679,32445,29771,29450,28811,27775,27622,25813,24896,26352,24778
E12000003,Yorkshire and The Humber,E08000019,Sheffield,33324,37728,38633,43136,41944,36179,33901,33338,33750,33365,35439,35973,37773
E12000003,Yorkshire and The Humber,E08000032,Bradford,24128,30088,35683,37584,37989,33828,31576,30107,29787,28704,30872,29565,31605
E12000003,Yorkshire and The Humber,E08000033,Calderdale,28343,35795,37289,38299,34813,32412,32629,30989,29504,30089,31030,31574,32279
E12000003,Yorkshire and The Humber,E08000034,Kirklees,28986,35653,38692,39199,36692,32736,31740,31809,31373,29893,29841,30376,31007
E12000003,Yorkshire and The Humber,E08000035,Leeds,38891,43617,46079,47847,45083,40171,39673,37539,37410,37494,39717,41594,43371
E12000003,Yorkshire and The Humber,E08000036,Wakefield,28476,32437,35629,36570,33366,30671,27651,26393,25935,27208,27135,28328,29347
E12000004,East Midlands,E06000015,City of Derby,29830,32988,34985,36431,31829,30290,28329,28583,28290,29108,29499,30097,32281
E12000004,East Midlands,E06000016,Leicester,36881,38978,39687,39898,37927,34185,34826,34789,33772,33147,34355,35808,40272
E12000004,East Midlands,E06000017,Rutland,39993,36234,41040,41719,48939,36785,35346,36968,40156,38578,42904,44223,47303
E12000004,East Midlands,E06000018,City of Nottingham,37339,37992,38559,37899,33846,31203,31231,29851,29799,28678,32119,33867,34700
E12000004,East Midlands,E07000032,Amber Valley,27606,29568,37963,36510,34113,34085,29975,29337,33494,30514,32750,29096,35864
E12000004,East Midlands,E07000033,Bolsover,19837,26289,23641,28516,22559,22414,20969,21709,19630,21704,23979,24910,27655
E12000004,East Midlands,E07000034,Chesterfield,32094,30388,34780,36344,33388,29027,28268,28215,27806,29502,29642,32844,33408
E12000004,East Midlands,E07000035,Derbyshire Dales,45268,46234,48324,49996,44419,42521,46211,44174,43822,44306,46074,45789,46578
E12000004,East Midlands,E07000036,Erewash,29492,27169,32207,33331,29041,28036,25800,27746,32453,28174,29133,29750,33674
E12000004,East Midlands,E07000037,High Peak,36821,39100,44289,44215,40994,38855,36982,36571,37513,34874,36657,36844,37729
E12000004,East Midlands,E07000038,North East Derbyshire,29364,37816,37852,36770,35762,30965,31236,31338,26942,30605,31393,35276,32491
E12000004,East Midlands,E07000039,South Derbyshire,33687,38089,41600,43285,37141,33588,35227,33225,30868,30744,32852,33967,34454
E12000004,East Midlands,E07000129,Blaby,36914,37417,41111,39918,38790,33295,35797,34387,31915,31860,35718,36321,39572
E12000004,East Midlands,E07000130,Charnwood,36578,37503,38172,43245,38862,36330,35792,34352,35308,32756,34586,34523,39058
E12000004,East Midlands,E07000131,Harborough,37878,38997,43757,44762,42001,38190,41684,38034,42585,40189,42087,46913,44955
E12000004,East Midlands,E07000132,Hinckley and Bosworth,31494,35609,36100,38543,36555,32889,32432,31793,31234,30224,31380,33738,34110
E12000004,East Midlands,E07000133,Melton,31083,33046,33980,40687,36480,33314,31259,30985,32597,31999,32933,34852,34412
E12000004,East Midlands,E07000134,North West Leicestershire,30146,38555,38649,36522,41026,30020,29814,29257,29478,31688,31737,32563,32743
E12000004,East Midlands,E07000135,Oadby and Wigston,32410,37781,39307,37036,34442,29761,34233,32084,29899,29395,33211,37208,36916
E12000004,East Midlands,E07000136,Boston,24226,24461,27010,31357,25949,21942,21884,21569,21067,19934,24395,24388,26467
E12000004,East Midlands,E07000137,East Lindsey,24802,26908,28473,30920,30794,27326,25466,24767,23584,23669,25345,25522,26230
E12000004,East Midlands,E07000138,Lincoln,28510,31261,34040,35443,35084,30668,29036,31024,29771,31045,34021,33128,34012
E12000004,East Midlands,E07000139,North Kesteven,29436,31616,33523,33677,30894,30294,31282,28601,28971,27545,31092,29534,32749
E12000004,East Midlands,E07000140,South Holland,25697,32546,32028,35326,31138,29573,28581,27155,25552,25741,26587,29999,30268
E12000004,East Midlands,E07000141,South Kesteven,32639,35293,39113,40231,37034,33397,33120,31763,31996,31839,34515,33679,34802
E12000004,East Midlands,E07000142,West Lindsey,23212,28550,26864,27071,26815,27701,24337,22796,23238,23235,23606,27642,24023
E12000004,East Midlands,E07000150,Corby,20528,23130,25304,28923,27197,24835,22780,23318,22410,22653,25312,25624,29161
E12000004,East Midlands,E07000151,Daventry,35326,40633,42918,43777,42000,38935,33879,38982,35003,34637,37783,41605,40648
E12000004,East Midlands,E07000152,East Northamptonshire,29601,31888,33881,37117,34220,32194,32359,30499,30965,30138,34216,33599,36916
E12000004,East Midlands,E07000153,Kettering,29716,31565,32088,34374,34133,29735,29120,26682,26448,26968,30561,31333,33725
E12000004,East Midlands,E07000154,Northampton,36396,39589,39118,41347,37593,34195,33380,31349,32129,34843,36866,38877,40979
E12000004,East Midlands,E07000155,South Northamptonshire,43813,45503,45312,50852,49460,46959,49086,44871,42764,41049,45820,50111,54162
E12000004,East Midlands,E07000156,Wellingborough,27647,32683,33930,35242,32536,26200,28003,29136,26135,27961,30051,31604,35139
E12000004,East Midlands,E07000170,Ashfield,21206,25624,30628,27584,28420,24522,23582,24463,22785,22316,25285,23093,24768
E12000004,East Midlands,E07000171,Bassetlaw,22732,26566,30360,33264,30696,29640,27425,24248,25213,23552,24436,26796,25712
E12000004,East Midlands,E07000172,Broxtowe,31718,37727,38966,35766,34436,30591,30234,30654,27092,27561,28631,30979,30610
E12000004,East Midlands,E07000173,Gedling,30457,29989,31801,34577,32760,31067,28704,29530,29869,28369,30609,30556,32934
E12000004,East Midlands,E07000174,Mansfield,22997,27030,28484,28879,27370,24172,24126,22199,21062,21995,25692,23735,24761
E12000004,East Midlands,E07000175,Newark and Sherwood,28049,34145,32120,33094,29167,29760,26580,27167,28426,26835,27467,29436,31846
E12000004,East Midlands,E07000176,Rushcliffe,42386,42894,43446,45387,43131,40073,39263,38507,39770,39474,40082,44025,45905
E12000005,West Midlands,E06000019,Herefordshire,39389,40649,43265,45329,43116,38626,37255,39670,37631,37115,39640,39502,41550
E12000005,West Midlands,E06000020,Telford and Wrekin,25496,27983,28609,32626,33570,26949,27752,27767,27766,28619,26671,27250,26732
E12000005,West Midlands,E06000021,Stoke-on-Trent,20404,23933,29557,29277,29225,25589,22624,22572,21150,22377,23817,25031,23711
E12000005,West Midlands,E06000051,Shropshire,37790,42339,45067,44896,44305,39613,40531,38801,36899,36482,38270,39012,41821
E12000005,West Midlands,E07000192,Cannock Chase,28035,28590,33994,35756,34397,32195,28836,26599,26730,26680,30130,29800,30791
E12000005,West Midlands,E07000193,East Staffordshire,26658,28709,35745,36178,31975,30367,29437,30423,26856,30940,29474,30374,30555
E12000005,West Midlands,E07000194,Lichfield,40238,43863,44720,46104,42557,39970,40763,38049,38284,38518,40765,42401,44006
E12000005,West Midlands,E07000195,Newcastle-under-Lyme,29000,32210,32636,30703,32620,28588,29962,25511,24899,26442,32540,32740,30593
E12000005,West Midlands,E07000196,South Staffordshire,39065,42049,44090,41670,42021,40543,39954,35780,36140,33599,34699,37727,41367
E12000005,West Midlands,E07000197,Stafford,32508,37653,36740,40899,43634,33580,33949,35898,34122,35248,35917,35101,37269
E12000005,West Midlands,E07000198,Staffordshire Moorlands,31455,36310,36725,38846,35858,31164,32666,32817,31645,37337,32383,32770,36361
E12000005,West Midlands,E07000199,Tamworth,29794,35007,34597,39665,36730,31748,30236,31186,30280,29845,30692,32067,34927
E12000005,West Midlands,E07000218,North Warwickshire,37145,39525,41187,40855,34972,37158,34506,34387,34975,32647,36220,38346,43168
E12000005,West Midlands,E07000219,Nuneaton and Bedworth,26893,32441,31732,33690,30280,26502,27446,28383,25989,27295,28691,27432,30903
E12000005,West Midlands,E07000220,Rugby,37227,38148,39803,41156,39327,33102,34331,31122,33543,35724,39100,38837,40868
E12000005,West Midlands,E07000221,Stratford-on-Avon,49007,51712,54481,54608,49686,46980,50879,49224,50232,49206,52759,56466,57249
E12000005,West Midlands,E07000222,Warwick,49711,53515,55702,56548,51796,48693,49974,50357,50234,51820,57145,62138,66642
E12000005,West Midlands,E07000234,Bromsgrove,45708,46769,45294,48174,46292,43125,43201,39754,40633,41919,42631,44331,47360
E12000005,West Midlands,E07000235,Malvern Hills,44120,45427,46528,51153,45000,45589,46474,46231,44087,42962,46093,46523,50268
E12000005,West Midlands,E07000236,Redditch,34045,34020,38776,38388,39342,33273,33021,36419,33023,32732,35427,36770,37955
E12000005,West Midlands,E07000237,Worcester,38197,43535,45456,46622,44308,37753,38459,40184,41967,39866,42188,42697,43918
E12000005,West Midlands,E07000238,Wychavon,39385,41253,45414,46883,45531,38694,38486,40153,39259,38747,41813,42437,43829
E12000005,West Midlands,E07000239,Wyre Forest,34587,38784,37837,40147,37029,32260,32517,31068,33052,30177,31501,33192,34424
E12000005,West Midlands,E08000025,Birmingham,40623,43322,43655,43884,43490,38530,38511,38179,37214,37858,39489,40245,43426
E12000005,West Midlands,E08000026,Coventry,30793,35249,36364,37314,36557,32408,32960,31545,32631,33393,34239,34443,38034
E12000005,West Midlands,E08000027,Dudley,30201,32496,33851,35346,33913,32794,32895,32153,30683,29736,31416,33106,32058
E12000005,West Midlands,E08000028,Sandwell,28988,31853,33918,34885,31147,28359,28352,27285,27978,27205,27143,27738,28741
E12000005,West Midlands,E08000029,Solihull,42219,47283,49552,50553,45856,43701,44815,43905,42614,43407,47337,48830,51821
E12000005,West Midlands,E08000030,Walsall,32572,35859,35734,36742,34935,30749,30070,28999,28980,28601,29741,30424,32011
E12000005,West Midlands,E08000031,Wolverhampton,29239,32857,32493,32823,30963,27975,26927,26701,26414,26220,27051,26941,28440
E12000006,East,E06000031,City of Peterborough,29875,35201,36818,37198,34586,32096,29985,28679,28481,28860,30866,33316,34653
E12000006,East,E06000032,Luton,40505,43246,44489,47661,46922,37670,39476,38699,38982,38166,42009,47274,55604
E12000006,East,E06000033,Southend-on-Sea,43210,45225,48819,51431,48879,45182,46398,45590,46731,47682,49441,54171,64362
E12000006,East,E06000034,Thurrock,45803,49950,51896,52327,49986,43718,43946,44438,47376,46945,49521,55552,65309
E12000006,East,E06000055,Bedford,40304,43558,46352,48531,47768,41271,40591,40215,40907,42471,44861,45614,52120
E12000006,East,E06000056,Central Bedfordshire,41706,45274,49315,50205,48067,42476,44424,44299,43774,43070,47720,53708,58031
E12000006,East,E07000008,Cambridge,56830,64974,75426,84691,83350,73225,76925,77260,82689,90661,95801,106144,119011
E12000006,East,E07000009,East Cambridgeshire,36939,41962,40341,48061,42674,37929,38555,38434,39580,40042,42663,46243,54579
E12000006,East,E07000010,Fenland,26044,27624,28506,31631,31041,27500,24429,24361,23484,23666,25541,27497,29436
E12000006,East,E07000011,Huntingdonshire,35723,39519,41156,44453,42484,37083,39020,38202,38795,37789,41281,43716,51044
E12000006,East,E07000012,South Cambridgeshire,50292,53130,55837,58701,53467,49846,52234,53172,51576,54328,56137,60411,66958
E12000006,East,E07000066,Basildon,42481,43766,46778,49379,50127,44460,43563,45990,47494,46716,50825,64602,64145
E12000006,East,E07000067,Braintree,42869,45607,45912,48626,48962,41319,42523,42290,42262,41649,46381,50004,56279
E12000006,East,E07000068,Brentwood,59671,62329,66201,73043,72613,63710,66580,68050,66398,67939,74671,83325,91335
E12000006,East,E07000069,Castle Point,39730,43612,44471,47530,46889,43345,45294,43640,40363,39805,47159,49005,55267
E12000006,East,E07000070,Chelmsford,51114,52316,54179,59489,57145,50101,53200,51516,51629,53442,60413,67333,75353
E12000006,East,E07000071,Colchester,41704,45247,46805,49953,46181,43965,44408,43257,42254,43042,45709,49000,53203
E12000006,East,E07000072,Epping Forest,62728,63770,67766,72284,73140,65009,69274,68660,70319,72875,81929,91267,102108
E12000006,East,E07000073,Harlow,45327,45887,47800,51470,51925,44796,45201,45153,48079,46504,52115,58148,64966
E12000006,East,E07000074,Maldon,43694,48349,47787,54340,47964,43722,45571,45402,45094,46842,46816,53322,59671
E12000006,East,E07000075,Rochford,47242,49921,55423,57721,57150,49966,53332,48842,49689,50565,52509,58395,64119
E12000006,East,E07000076,Tendring,34000,35284,39071,43375,38165,33259,35242,35673,33614,32572,34745,36068,39739
E12000006,East,E07000077,Uttlesford,48842,50327,55361,59115,55423,50205,51399,52929,53755,53535,59747,65911,70057
E12000006,East,E07000095,Broxbourne,56169,57971,59491,62011,60496,55469,55524,54391,55425,56326,62479,70822,78585
E12000006,East,E07000096,Dacorum,54906,56415,59802,64848,63292,56580,62263,65429,62152,65730,69974,79280,91948
E12000006,East,E07000098,Hertsmere,64785,69399,67083,76760,74818,68297,71064,73512,75448,79899,88948,95388,112042
E12000006,East,E07000099,North Hertfordshire,52375,54786,58422,62158,58689,54357,54767,56437,56742,56857,61864,70510,77766
E12000006,East,E07000102,Three Rivers,62263,62805,67399,73962,72108,65533,69977,69158,71084,75586,81999,90201,113741
E12000006,East,E07000103,Watford,62746,65002,67027,71054,69107,64371,68406,69680,68532,71031,76208,85959,104033
E12000006,East,E07000143,Breckland,28648,34670,34150,38642,35524,30951,31429,33896,31840,32401,31113,34096,37310
E12000006,East,E07000144,Broadland,35895,38650,39753,44244,44968,34841,39162,36293,39568,38309,41483,42619,47472
E12000006,East,E07000145,Great Yarmouth,27820,27319,28928,32074,29176,28021,27429,25576,26660,26694,26837,28878,29038
E12000006,East,E07000146,King's Lynn and West Norfolk ,29926,35035,35385,35745,37533,35066,32468,32217,32167,31929,33145,35544,36652
E12000006,East,E07000147,North Norfolk,34723,36285,38610,41268,46314,35779,38462,36843,36058,35677,38655,40726,44573
E12000006,East,E07000148,Norwich,34853,39251,41280,49015,45903,42040,39668,37715,39099,41098,43296,46088,50029
E12000006,East,E07000149,South Norfolk,35353,40444,42103,45990,43326,37953,39057,37381,36597,38829,41837,43265,47167
E12000006,East,E07000200,Babergh,37700,38947,41627,45071,41686,34703,42045,37769,38160,38201,40673,46081,47722
E12000006,East,E07000201,Forest Heath,40042,38269,38441,45779,44064,35472,37462,35745,36104,37847,37025,39564,44361
E12000006,East,E07000202,Ipswich,38437,40557,43113,43424,40179,38622,37676,35926,37170,36307,39226,43469,44979
E12000006,East,E07000203,Mid Suffolk,35481,38068,41679,43288,45261,38987,40225,34378,36133,38408,41334,42976,48166
E12000006,East,E07000204,St Edmundsbury,37206,42548,42940,45548,44425,41227,43455,42493,40908,42244,50267,49173,51827
E12000006,East,E07000205,Suffolk Coastal,39040,44634,43585,46431,45489,42963,45562,44439,44384,43420,45987,49581,49752
E12000006,East,E07000206,Waveney,30482,33235,35299,39550,35055,34448,32304,32606,30758,32715,33964,33250,36879
E12000006,East,E07000240,St Albans,64823,67305,74394,78991,79045,68240,75791,78604,80177,83397,91705,104992,112328
E12000006,East,E07000241,Welwyn Hatfield,58668,61796,63624,67025,64832,58091,62393,61350,63415,64043,72559,76451,85882
E12000006,East,E07000242,East Hertfordshire,60152,63479,66102,71754,66370,62564,63011,65427,65249,65438,73872,80689,90163
E12000006,East,E07000243,Stevenage,45603,48816,51081,51186,51566,48998,49242,43737,44659,46003,53020,60008,68512
E12000007,London,E09000001,City of London,130977,131441,142706,192005,197916,165814,197896,207541,223510,263321,287523,292693,339885
E12000007,London,E09000002,Barking and Dagenham,57163,55467,56503,62065,61115,52876,56431,56820,52647,55797,63194,72040,84527
E12000007,London,E09000003,Barnet,75247,76208,79122,88876,92083,81861,85566,90805,96159,99798,110160,118317,131728
E12000007,London,E09000004,Bexley,47647,49173,52134,56983,56298,48893,51916,50475,54182,55645,62200,71299,79208
E12000007,London,E09000005,Brent,70401,74436,77151,86796,85146,81968,85763,89897,95236,99676,113503,125672,139284
E12000007,London,E09000006,Bromley,63714,64806,66682,73060,70917,65219,68919,69240,72054,74448,86135,93557,103647
E12000007,London,E09000007,Camden,106321,113897,124592,144132,152893,141907,162035,173764,173786,204108,222754,223536,249755
E12000007,London,E09000008,Croydon,61430,60713,63437,68883,68314,60569,61243,59988,62907,66958,77453,85870,97839
E12000007,London,E09000009,Ealing,74105,74309,81922,89855,86146,79668,85110,88072,97110,102201,114930,122837,134607
E12000007,London,E09000010,Enfield,64109,66679,68746,75167,73719,67668,72379,70740,72516,77455,86438,95157,110146
E12000007,London,E09000011,Greenwich,65980,68258,71125,75128,73298,69037,76479,80711,82444,87022,98182,106129,116012
E12000007,London,E09000012,Hackney,74205,74991,84749,91569,93510,94579,98018,103152,111250,123081,141752,157306,166553
E12000007,London,E09000013,Hammersmith and Fulham,107765,112219,118264,145296,142767,127997,152181,156633,159544,180807,200059,210545,215322
E12000007,London,E09000014,Haringey,76593,77443,84395,94970,90229,85184,96261,101290,99711,110026,122800,136768,150459
E12000007,London,E09000015,Harrow,68513,71363,73587,79377,79316,69733,74646,78265,80282,83684,94253,104268,116043
E12000007,London,E09000016,Havering,54613,54430,57048,63707,59926,53043,55765,54538,56085,57860,63945,71662,80642
E12000007,London,E09000017,Hillingdon,61692,64777,65540,71460,73910,65704,67638,71164,74637,73927,82988,93735,107591
E12000007,London,E09000018,Hounslow,72550,73985,79683,88270,85884,79380,83107,85154,86270,92905,100965,105941,118762
E12000007,London,E09000019,Islington,91314,96470,102556,120858,129002,118682,132910,135344,139536,153464,174334,183246,197559
E12000007,London,E09000020,Kensington and Chelsea,173110,175401,200848,250125,252689,226069,270651,290840,312470,353200,395054,397361,391974
E12000007,London,E09000021,Kingston upon Thames,73504,74212,76834,90055,85861,75056,83790,87285,86735,95969,109737,114406,124754
E12000007,London,E09000022,Lambeth,74022,73559,82125,94511,91597,85170,94689,97130,104152,116883,138411,146494,160466
E12000007,London,E09000023,Lewisham,64229,66460,70441,78340,74916,69913,75936,79179,81759,88816,105957,115862,136337
E12000007,London,E09000024,Merton,73372,75510,78246,88567,90603,85389,86984,89922,91317,99622,119359,127382,139553
E12000007,London,E09000025,Newham,71659,73833,74843,78827,83013,65827,74192,71021,75498,76530,85057,94578,109053
E12000007,London,E09000026,Redbridge,66207,68411,70131,76443,78918,71189,77426,71143,72103,72382,83733,89566,103405
E12000007,London,E09000027,Richmond upon Thames,90810,92618,98578,115400,111405,99747,112020,113793,119516,128841,150723,158142,170917
E12000007,London,E09000028,Southwark,78371,80995,86751,96926,95258,93033,105602,109009,116670,124616,139803,147822,166099
E12000007,London,E09000029,Sutton,59655,61222,62727,70101,67787,59635,63230,64609,65472,68360,79432,86043,97627
E12000007,London,E09000030,Tower Hamlets,88203,87110,90837,109567,107863,112649,122342,115280,116372,121458,143453,150438,173564
E12000007,London,E09000031,Waltham Forest,62950,65049,68782,76794,73192,64471,67061,68798,68470,76968,95469,106476,124185
E12000007,London,E09000032,Wandsworth,88623,93292,102153,118171,114658,111306,118262,121083,128776,144877,170504,176250,189368
E12000007,London,E09000033,City of Westminster,128086,136746,149684,177281,180512,178282,206273,213342,236359,264938,306841,311330,325059
E12000008,South East,E06000035,Medway,41116,44045,43983,46476,43431,40558,41622,43003,40377,43582,46538,51165,53609
E12000008,South East,E06000036,Bracknell Forest,51894,55844,57098,62600,59918,54303,53169,54970,56165,58448,66697,72061,79931
E12000008,South East,E06000037,West Berkshire,54704,53450,57281,62062,56994,52506,57323,55132,55179,59448,64491,66434,72655
E12000008,South East,E06000038,Reading,55142,57136,57983,64824,62212,58810,57468,57403,57761,58797,67913,75028,87330
E12000008,South East,E06000039,Slough,52985,56962,57635,63728,60518,51566,53474,56745,55867,56925,65405,75890,90227
E12000008,South East,E06000040,Windsor and Maidenhead,67020,69877,73359,82091,83847,69826,75867,75891,78050,79448,91893,96913,111237
E12000008,South East,E06000041,Wokingham,55338,56924,61726,69188,66370,58766,63243,62417,60655,62884,70884,76982,82547
E12000008,South East,E06000042,Milton Keynes,36070,38176,40386,48619,45275,38397,38322,39409,41103,42304,46792,48800,54353
E12000008,South East,E06000043,Brighton and Hove,65456,69275,72088,80922,76737,69835,78199,76732,76751,78693,84802,92261,102249
E12000008,South East,E06000044,Portsmouth,43971,45226,47562,49742,47958,44196,45361,44391,44454,43362,46681,49981,53212
E12000008,South East,E06000045,Southampton,45564,46288,47251,50170,47717,42457,45708,44140,43839,44079,47004,49793,52848
E12000008,South East,E06000046,Isle of Wight,37023,41029,42358,46298,42958,40959,41336,39660,38532,38722,40297,40374,43136
E12000008,South East,E07000004,Aylesbury Vale,47188,53075,54865,60474,57495,50130,52096,50100,53022,52460,55738,61067,69973
E12000008,South East,E07000005,Chiltern,63993,67811,69940,74896,69768,66118,68025,70021,69138,67325,78050,84249,98040
E12000008,South East,E07000006,South Bucks,64143,67975,69375,76957,77055,71180,72634,74332,79848,81762,91841,94468,106554
E12000008,South East,E07000007,Wycombe,55636,56819,62605,68544,61893,56959,62467,66031,63651,63504,65884,73242,83852
E12000008,South East,E07000061,Eastbourne,45100,49610,48630,53442,52902,46080,48794,46750,45774,46968,50514,54097,58757
E12000008,South East,E07000062,Hastings,34452,36013,36944,42759,38603,34709,36480,34657,34344,34724,37204,39006,43304
E12000008,South East,E07000063,Lewes,45885,49693,54171,59555,60571,52303,55493,55874,54915,54937,58672,59682,65868
E12000008,South East,E07000064,Rother,41026,43439,45961,49710,47195,41983,46194,45328,43909,44185,46546,48680,51847
E12000008,South East,E07000065,Wealden,47428,49271,51205,57451,58479,50522,52214,50977,50695,49707,54480,58323,62767
E12000008,South East,E07000084,Basingstoke and Deane,51342,53937,54748,57084,54926,49702,52106,50453,51525,53005,56908,60085,66931
E12000008,South East,E07000085,East Hampshire,51041,55060,55427,58524,58980,53068,56232,55723,54536,55996,61493,62692,70044
E12000008,South East,E07000086,Eastleigh,47955,52153,52341,54663,50704,46658,49543,47805,49225,47699,50292,54608,59468
E12000008,South East,E07000087,Fareham,43852,48502,50714,53090,49869,44743,47283,45385,46514,44959,47975,52755,55541
E12000008,South East,E07000088,Gosport,38784,41453,40258,43288,42159,37159,38823,40242,41468,39905,40575,44408,46820
E12000008,South East,E07000089,Hart,55889,57736,60497,62640,59465,55764,58936,57653,57654,63283,67815,73439,81336
E12000008,South East,E07000090,Havant,40960,44913,44021,49361,49505,44298,45586,44105,44251,45940,47554,49324,54574
E12000008,South East,E07000091,New Forest,51829,54262,55901,61055,56960,53777,55830,56335,55271,53921,58376,62146,66206
E12000008,South East,E07000092,Rushmoor,48059,50255,52659,55886,55698,48106,52011,51586,51294,54487,59237,63908,68248
E12000008,South East,E07000093,Test Valley,45652,48484,50405,54189,52332,47346,51211,51174,47409,49710,53464,54507,58610
E12000008,South East,E07000094,Winchester,59287,63318,63251,68192,61775,60739,63161,63189,64193,64375,69965,74799,81574
E12000008,South East,E07000105,Ashford,41446,47624,47063,50780,46705,41431,43565,40286,44633,43239,45253,49446,51985
E12000008,South East,E07000106,Canterbury,42955,46488,49202,53449,52279,45350,47611,48377,48090,49899,52836,56109,60178
E12000008,South East,E07000107,Dartford,51444,53737,56920,62273,59758,51864,52948,51279,53757,55546,59690,66136,75502
E12000008,South East,E07000108,Dover,36425,40297,43327,43833,40971,36777,40199,37364,38520,38217,41693,42509,45335
E12000008,South East,E07000109,Gravesham,48961,45265,49832,54226,50226,44558,43652,44922,44444,45759,49244,53830,63524
E12000008,South East,E07000110,Maidstone,48439,53583,53335,55826,53033,47501,49248,47482,46017,45887,50607,53750,64136
E12000008,South East,E07000111,Sevenoaks,55997,62162,62213,69419,68326,61075,64080,62711,66116,64572,70794,79100,87174
E12000008,South East,E07000112,Shepway,36514,39556,42919,46196,46200,39450,43719,38143,40068,39023,41299,44498,47211
E12000008,South East,E07000113,Swale,42334,43854,45672,51867,46219,38117,39983,37660,39756,39275,43636,45428,53946
E12000008,South East,E07000114,Thanet,35939,38759,41027,44520,41909,39136,38049,36760,34873,36702,38939,41219,45381
E12000008,South East,E07000115,Tonbridge and Malling,53651,53911,58353,57509,59494,53684,54585,55269,54917,54967,61274,66976,74589
E12000008,South East,E07000116,Tunbridge Wells,61037,64491,66734,73268,72384,63488,66855,63973,66988,69232,73093,78650,88037
E12000008,South East,E07000177,Cherwell,45560,49696,54556,55763,50973,46880,49475,49406,48247,51205,56082,59514,63781
E12000008,South East,E07000178,Oxford,65910,67981,69669,75903,72684,67656,74584,73077,75859,77220,85027,95988,99202
E12000008,South East,E07000179,South Oxfordshire,57465,59697,62746,72877,65945,60909,66153,64977,66465,66758,71655,78114,85603
E12000008,South East,E07000180,Vale of White Horse,52317,55986,56841,62067,61393,56446,59054,55592,56355,57353,62825,67655,71744
E12000008,South East,E07000181,West Oxfordshire,53917,62337,63126,61140,64678,56601,59757,57399,56058,59254,60921,66877,70856
E12000008,South East,E07000207,Elmbridge,67629,71281,77205,88105,83354,76611,82589,85366,86372,92048,104042,110262,118803
E12000008,South East,E07000208,Epsom and Ewell,61301,65458,67514,74781,77936,66847,70494,70140,72440,75639,85697,92491,100715
E12000008,South East,E07000209,Guildford,64651,68372,69709,78642,72888,66686,72894,71703,75032,75004,81990,89535,98735
E12000008,South East,E07000210,Mole Valley,66436,68399,74800,77268,77516,67582,75896,74570,75171,75617,88090,88617,99581
E12000008,South East,E07000211,Reigate and Banstead,59011,61283,63898,70768,69092,62473,64269,64809,65515,67978,76662,83396,90894
E12000008,South East,E07000212,Runnymede,62037,65015,70445,75311,71049,64913,66841,66984,68259,67884,77046,83274,93416
E12000008,South East,E07000213,Spelthorne,57711,60404,63164,69219,65706,60016,65102,64805,65661,66943,76709,82932,91031
E12000008,South East,E07000214,Surrey Heath,56494,58133,64259,68306,66707,56772,61670,61327,63244,65222,68292,78203,85839
E12000008,South East,E07000215,Tandridge,57124,59022,61566,66690,68311,61647,62914,64235,64676,63013,71138,75542,87253
E12000008,South East,E07000216,Waverley,60393,63863,69348,76996,72550,65188,71172,70634,71441,72293,79252,84710,93505
E12000008,South East,E07000217,Woking,61057,65416,68631,72793,72059,63336,65850,68946,72988,75655,81286,87856,94677
E12000008,South East,E07000223,Adur,48819,52789,55519,63578,57900,48147,51805,53337,52335,54215,61022,68271,71050
E12000008,South East,E07000224,Arun,45543,46833,49346,56568,54093,48180,50253,47936,47756,48599,52478,54868,59701
E12000008,South East,E07000225,Chichester,56432,60302,60702,64239,63549,58883,62946,62421,63978,63938,65809,70002,75900
E12000008,South East,E07000226,Crawley,48640,49359,52407,58793,61206,51852,52992,50632,53481,51985,58900,64462,73144
E12000008,South East,E07000227,Horsham,54090,58343,60898,66586,64020,57082,59493,58010,58883,61246,66514,71885,78687
E12000008,South East,E07000228,Mid Sussex,58322,59351,60866,65631,65527,56312,59473,57499,60091,61272,66594,70007,78729
E12000008,South East,E07000229,Worthing,46892,47864,51743,58477,55093,46947,49987,49983,50224,49937,56007,60537,68408
E12000009,South West,E06000022,Bath and North East Somerset,53805,57875,60077,63669,59882,57145,60213,61968,61519,63527,62837,65925,74270
E12000009,South West,E06000023,City of Bristol,49005,51798,55789,59022,58042,51738,54473,54163,52916,54025,59121,64278,71413
E12000009,South West,E06000024,North Somerset,40065,42485,44144,48411,46013,42213,43141,42850,42800,43311,44850,46524,49317
E12000009,South West,E06000025,South Gloucestershire,40313,41738,45418,50788,46911,40082,43093,41769,41645,43152,47504,50398,51704
E12000009,South West,E06000026,City of Plymouth,34863,38695,44815,44334,42412,39779,38042,36797,35922,36866,38882,39775,39817
E12000009,South West,E06000027,Torbay,39575,40839,43537,46227,44397,40681,41061,39708,38958,39408,39582,42193,42008
E12000009,South West,E06000028,Bournemouth,49665,51136,52001,57333,55062,48545,50181,50932,49285,50207,53797,57293,61158
E12000009,South West,E06000029,Poole,48634,50215,52701,56463,54345,49521,52727,49821,49055,50931,56399,59689,61965
E12000009,South West,E06000030,Swindon,39756,42797,44553,48706,42399,38255,38570,37647,38358,39324,40004,42965,48536
E12000009,South West,E06000052,Cornwall,43764,47059,50322,56383,52754,49666,50291,48405,47781,46372,45574,46502,47819
E12000009,South West,E06000054,Wiltshire,44227,46160,49041,51267,48483,43512,43782,46248,44772,43926,45673,46640,50901
E12000009,South West,E07000040,East Devon,45831,48354,49408,55231,52551,50529,51814,50523,49297,49503,51059,51381,54478
E12000009,South West,E07000041,Exeter,46793,48987,52938,55066,52809,49510,51476,50031,50846,49749,52325,54701,56547
E12000009,South West,E07000042,Mid Devon,37903,39654,46323,46738,44222,42394,44044,42112,42194,42226,40243,44250,41636
E12000009,South West,E07000043,North Devon,39965,41564,42938,49129,46178,42834,40723,38751,39939,37866,38898,41205,43540
E12000009,South West,E07000044,South Hams,50379,54944,58725,64069,57002,52752,58987,56516,55445,54514,54413,55749,59812
E12000009,South West,E07000045,Teignbridge,41198,45763,46553,51246,48923,44619,44456,42861,42542,42758,45042,45453,46932
E12000009,South West,E07000046,Torridge,39342,40713,41315,43479,43265,40533,39942,41040,37163,35933,37956,40436,40767
E12000009,South West,E07000047,West Devon,44710,46040,47206,47658,53619,42650,44276,44075,43176,40920,42078,45373,44221
E12000009,South West,E07000048,Christchurch,50730,54518,56915,64478,59074,53278,57778,56845,55741,56414,59428,67757,69904
E12000009,South West,E07000049,East Dorset,49059,50827,55396,58816,54804,50569,52838,50880,51673,53737,54969,58623,64700
E12000009,South West,E07000050,North Dorset,39294,43339,43465,47799,46647,40458,43511,40397,41678,40839,42590,43384,48945
E12000009,South West,E07000051,Purbeck,51740,49778,53512,62002,55352,50723,55205,53658,51340,54413,56296,60735,63402
E12000009,South West,E07000052,West Dorset,49214,54062,55409,59702,57230,50066,50748,52978,51481,53141,53556,55036,58859
E12000009,South West,E07000053,Weymouth and Portland,40553,43611,48338,54517,49347,43341,44249,42475,43176,43986,44696,46001,45534
E12000009,South West,E07000078,Cheltenham,48179,50752,54759,57524,54168,50037,53666,51889,51691,53168,57523,59760,62676
E12000009,South West,E07000079,Cotswold,47799,50836,54938,56267,56467,52684,54731,48620,50915,51402,56974,59999,61453
E12000009,South West,E07000080,Forest of Dean,34447,37261,39382,40312,37774,32584,37720,36716,36071,32986,34654,33923,36943
E12000009,South West,E07000081,Gloucester,36819,38946,40425,43468,37363,31931,34486,35308,36074,36062,36858,38098,39580
E12000009,South West,E07000082,Stroud,41817,47081,48896,50528,50819,43478,44445,44756,43954,42689,45184,48887,53276
E12000009,South West,E07000083,Tewkesbury,41189,41005,46125,47966,42952,36904,40010,39442,40437,40805,42835,43094,47627
E12000009,South West,E07000187,Mendip,39755,42402,44644,48574,45173,40741,40950,42911,40311,40720,43838,43685,48264
E12000009,South West,E07000188,Sedgemoor,34940,35890,38208,41190,39860,35024,34169,34966,33864,32798,34992,36925,38844
E12000009,South West,E07000189,South Somerset,38067,41260,42382,44016,42564,38746,39536,37766,36900,36356,38129,39207,40503
E12000009,South West,E07000190,Taunton Deane,40158,43578,45485,49287,45647,40599,44925,43138,41565,41039,44718,44758,44240
E12000009,South West,E07000191,West Somerset,42657,46091,45593,46683,42941,44235,40816,39257,39963,41165,42278,41516,42165
W92000004,Wales,W06000001,Isle of Anglesey,28086,33176,33281,36371,35803,32307,29464,29974,29917,27281,32318,31707,32295
W92000004,Wales,W06000002,Gwynedd,26803,28727,31200,35032,30542,30333,28813,29581,28329,27226,27030,29140,30415
W92000004,Wales,W06000003,Conwy,32314,34271,33793,35686,34430,32980,33158,31340,30887,31627,32024,30316,30345
W92000004,Wales,W06000004,Denbighshire,22225,27773,29502,33321,33278,30453,29447,27350,26373,24000,24709,25698,25691
W92000004,Wales,W06000005,Flintshire,26260,34122,36652,36798,34386,30108,30241,30652,27598,29564,30226,29731,31505
W92000004,Wales,W06000006,Wrexham,25697,36072,33100,35652,33563,28380,28112,27956,28260,29415,27671,26763,28215
W92000004,Wales,W06000008,Ceredigion,28830,32081,32861,37348,31762,34558,35767,31510,29683,26107,31475,29638,29251
W92000004,Wales,W06000009,Pembrokeshire,28837,32485,37687,37837,38721,32939,31327,30839,30700,30293,30415,29605,28149
W92000004,Wales,W06000010,Carmarthenshire,25264,30459,29411,33091,31170,25897,25999,25140,23180,27386,24349,25433,23704
W92000004,Wales,W06000011,Swansea,29244,38112,39380,42626,40684,37854,34096,33830,32061,31731,32717,31947,32404
W92000004,Wales,W06000012,Neath Port Talbot,17716,20079,24296,27678,24177,20409,19544,20117,20200,18609,20230,18810,20703
W92000004,Wales,W06000013,Bridgend,22622,26329,28432,33032,28536,29446,25946,23346,23976,24338,24272,24692,26987
W92000004,Wales,W06000014,Vale of Glamorgan,39114,39441,38456,45725,41765,39442,41145,38872,40712,38481,40231,41382,41429
W92000004,Wales,W06000015,Cardiff,42728,46518,46936,48321,45514,43000,41827,41533,40750,40751,43278,45090,48219
W92000004,Wales,W06000016,Rhondda Cynon Taf,18463,20904,22246,25380,22223,22494,20901,23650,18960,21418,23513,22209,21641
W92000004,Wales,W06000018,Caerphilly,20405,23989,26968,31234,31857,25793,24257,24236,24284,22952,22995,23069,24981
W92000004,Wales,W06000019,Blaenau Gwent,13203,17670,20098,19849,19679,21633,17307,16045,15012,14776,14597,15722,15692
W92000004,Wales,W06000020,Torfaen,22300,26692,28562,32632,32126,24858,24233,23883,23794,22285,23393,23776,25762
W92000004,Wales,W06000021,Monmouthshire,38866,44198,42605,41949,42414,41666,38990,36870,36311,35068,38851,37829,39835
W92000004,Wales,W06000022,Newport,28591,31817,34847,36985,36422,30520,30389,29860,27893,27637,29275,28229,29357
W92000004,Wales,W06000023,Powys,30743,30747,32988,34810,34990,30721,29159,28233,28442,27791,27726,26217,29132
W92000004,Wales,W06000024,Merthyr Tydfil,14866,17316,22961,26655,24111,21774,18338,17919,16602,22264,16851,17768,24807